filename,label,zcr,rmse,mfcc_1,mfcc_2,mfcc_3,mfcc_4,mfcc_5,mfcc_6,mfcc_7,mfcc_8,mfcc_9,mfcc_10,mfcc_11,mfcc_12,mfcc_13
0_152022182_L_01.wav,0,0.016471354166666667,0.0051067974,-680.023681640625,42.717803955078125,18.864107131958008,6.169856071472168,-1.0198780298233032,-2.2975809574127197,-0.8822178244590759,-2.516815423965454,-2.0403084754943848,-1.6350793838500977,-4.024160385131836,-3.1787796020507812,-1.4904038906097412
0_152022182_L_02.wav,0,0.01598715694188192,0.009114345,-592.1868286132812,38.747493743896484,12.163057327270508,1.844488501548767,-3.356879472732544,-5.979742050170898,-3.296396255493164,-1.3240846395492554,-0.12256310135126114,-0.09875443577766418,-2.250319480895996,-2.3431859016418457,-0.9557173252105713
0_152022182_L_03.wav,0,0.018813369416144202,0.0048128227,-697.2230834960938,45.15303039550781,10.89101791381836,2.417106866836548,-0.8738860487937927,-6.366430282592773,-5.530720233917236,-3.578620433807373,-3.1603574752807617,-2.929738998413086,-3.10842227935791,-2.611550807952881,-2.6942105293273926
0_152022182_L_04.wav,0,0.02252728930749129,0.0062435786,-669.8511352539062,48.234596252441406,12.88071060180664,6.3610310554504395,0.8947055339813232,-5.09848690032959,-2.9583582878112793,-3.0989465713500977,-2.8283257484436035,-1.7251681089401245,-3.8940300941467285,-3.5984251499176025,-2.2822983264923096
0_152022182_L_05.wav,0,0.032441804846938774,0.006008954,-681.7518920898438,57.29970932006836,7.282507419586182,0.5035468935966492,3.2120566368103027,-3.981130361557007,-6.777861595153809,-3.1173763275146484,1.040155053138733,-0.835617184638977,-4.4469709396362305,-2.4146363735198975,-1.3122551441192627
0_152022182_L_06.wav,0,0.01627139136904762,0.0048523014,-679.6904296875,37.25297164916992,14.314048767089844,3.250504493713379,-3.0796051025390625,-4.0785932540893555,-1.1857514381408691,-1.3227126598358154,-1.178181529045105,-0.9322440028190613,-2.2423460483551025,-1.3264721632003784,-0.2986321449279785
0_152022182_L_07.wav,0,0.01665417192760943,0.006836493,-651.5110473632812,38.66488265991211,12.240801811218262,1.1231098175048828,-3.893700122833252,-4.8008012771606445,-2.535672903060913,-2.517540216445923,-1.0040807723999023,-0.1868947297334671,-2.656017780303955,-2.056112766265869,-0.07397374510765076
0_152022182_L_08.wav,0,0.013867505598534202,0.0052181245,-685.6857299804688,39.16810989379883,13.268695831298828,3.199711322784424,-2.616706609725952,-5.155179023742676,-3.0912890434265137,-2.5651609897613525,-1.9119415283203125,-2.5197856426239014,-4.177542686462402,-1.7017955780029297,0.16285660862922668
0_152022182_L_09.wav,0,0.014187762257067138,0.0059955763,-650.6917114257812,35.83140563964844,13.253647804260254,2.590505838394165,-3.4836654663085938,-4.1713480949401855,-0.8915810585021973,-0.7685597538948059,-0.5252851843833923,-0.4589022099971771,-2.026793956756592,-0.8303499817848206,0.8249740600585938
0_152022182_L_10.wav,0,0.014226292327089338,0.005070517,-704.77392578125,39.79288864135742,11.624038696289062,3.8518850803375244,-0.8209197521209717,-4.326669216156006,-2.3194477558135986,-1.9856245517730713,-2.0349998474121094,-2.3281822204589844,-3.618144989013672,-2.0354294776916504,-1.102975606918335
0_152022182_L_11.wav,0,0.012476654566498317,0.0052143573,-663.935791015625,35.77909851074219,13.89819049835205,3.184446096420288,-2.8267457485198975,-3.7640204429626465,-1.5568522214889526,-2.157547950744629,-1.4555097818374634,-0.6329590082168579,-2.298806667327881,-1.6936331987380981,-0.13704155385494232
0_152022182_L_12.wav,0,0.014762716090425532,0.0057945796,-641.6018676757812,30.69808578491211,13.26226806640625,2.3769397735595703,-2.626171350479126,-3.093353509902954,-1.9346177577972412,-2.0881569385528564,-1.5232369899749756,-1.4513932466506958,-2.7786660194396973,-2.232679843902588,-0.8739879131317139
0_152022182_L_13.wav,0,0.010654462394067797,0.007215432,-611.5802612304688,33.50321578979492,7.833006381988525,-0.03588033840060234,-1.1421011686325073,-3.230776071548462,-2.227393865585327,0.20767775177955627,0.5943822860717773,-1.4918111562728882,-2.34298038482666,-0.5624997615814209,-0.23293863236904144
0_152022182_L_14.wav,0,0.012526363474334602,0.006010016,-676.2155151367188,45.629638671875,13.318414688110352,3.6104462146759033,-0.1321052610874176,-5.009092807769775,-4.329561710357666,-2.3510704040527344,-1.9536019563674927,-2.39434552192688,-2.661353349685669,-1.7964379787445068,-1.6273595094680786
0_152022182_L_15.wav,0,0.013775257023615635,0.005030968,-695.3076171875,40.40693664550781,13.296805381774902,2.437065839767456,-1.1953375339508057,-2.359747886657715,-1.6880069971084595,-2.1810357570648193,-0.8414863348007202,-0.0767388865351677,-1.9458194971084595,-1.7803657054901123,-0.7788974046707153
0_152022182_L_16.wav,0,0.010529778680371353,0.0051107714,-665.714599609375,32.49365234375,11.500953674316406,1.6134133338928223,-2.2608768939971924,-3.4126131534576416,-2.461252212524414,-1.67057204246521,-0.22316506505012512,-0.4526955187320709,-2.1421267986297607,-1.1632678508758545,-0.058820340782403946
0_152022182_L_17.wav,0,0.011994314665841584,0.00745189,-645.4612426757812,41.175079345703125,11.87106990814209,2.6256611347198486,-2.9427266120910645,-7.331568717956543,-4.674445629119873,-2.1419732570648193,-1.1990976333618164,-1.2838793992996216,-2.3203306198120117,-1.6342636346817017,-1.0900120735168457
0_152022182_L_18.wav,0,0.013584872159090908,0.008430208,-619.716796875,42.5665168762207,12.683000564575195,-0.7864143252372742,-4.697595119476318,-4.5711493492126465,-1.9765514135360718,-0.5348557233810425,1.001439094543457,0.19336776435375214,-2.6349990367889404,-2.0014328956604004,-0.5879616737365723
0_152022182_L_19.wav,0,0.010785113324175824,0.007515323,-622.5951538085938,36.49742126464844,9.316757202148438,1.718328595161438,-1.1675571203231812,-4.1099162101745605,-1.9538497924804688,0.055723994970321655,-0.015649257227778435,-1.0979559421539307,-1.8568882942199707,-1.1332834959030151,-1.1153134107589722
0_152022182_L_20.wav,0,0.011532263575072886,0.0075686723,-659.0620727539062,34.992950439453125,7.622243881225586,1.387968897819519,-2.3634321689605713,-5.669873237609863,-2.2048568725585938,0.3797512650489807,0.6204342842102051,-0.8140970468521118,-2.8515987396240234,-1.7912904024124146,-0.8430257439613342
1_152022182_L_01.wav,1,0.02172754295318725,0.003225484,-728.878662109375,49.231201171875,12.247743606567383,15.151691436767578,2.7994165420532227,-11.02381706237793,-4.906123161315918,-4.319675445556641,-4.970165252685547,-2.971766948699951,-5.275300025939941,-3.5653274059295654,-2.6269912719726562
1_152022182_L_02.wav,1,0.023744095203488372,0.0036659618,-703.9505615234375,40.31852340698242,14.01772689819336,11.662185668945312,2.2275161743164062,-6.667074680328369,-3.000638723373413,-2.486827850341797,-3.081958770751953,-2.106609344482422,-3.617602825164795,-2.844099998474121,-2.20241641998291
1_152022182_L_03.wav,1,0.028903689723782773,0.0035500086,-708.7262573242188,44.76218795776367,10.471942901611328,15.014780044555664,3.4638071060180664,-11.864043235778809,-5.47379732131958,-2.9640121459960938,-4.508272647857666,-2.6348564624786377,-3.882599353790283,-3.2885305881500244,-2.2354209423065186
1_152022182_L_04.wav,1,0.023472736791237115,0.0035447718,-718.946533203125,43.73514938354492,13.040628433227539,13.582549095153809,1.2607992887496948,-11.00829029083252,-5.43086051940918,-4.248871803283691,-4.220707416534424,-1.675959587097168,-3.4704654216766357,-2.8739333152770996,-2.4022228717803955
1_152022182_L_05.wav,1,0.028547336254612546,0.004349737,-687.0432739257812,43.92079162597656,9.466245651245117,9.29196834564209,-2.0191650390625,-11.488825798034668,-2.4646928310394287,-1.3152008056640625,-3.5166497230529785,-1.1236763000488281,-2.3123679161071777,-2.2225863933563232,-1.6248141527175903
1_152022182_L_06.wav,1,0.0255103204036965,0.0047282716,-697.3433227539062,49.390846252441406,11.622696876525879,15.755986213684082,2.7837560176849365,-11.647850036621094,-4.404102802276611,-2.6493799686431885,-2.529797315597534,-1.3271961212158203,-5.112298965454102,-2.872631072998047,-1.2977758646011353
1_152022182_L_07.wav,1,0.02752204356846473,0.00553844,-676.8259887695312,48.751895904541016,10.786554336547852,12.615583419799805,-0.6298972964286804,-12.475987434387207,-2.882079601287842,-2.117119073867798,-4.1092634201049805,-1.3776756525039673,-3.2423782348632812,-2.257646083831787,-1.1072838306427002
1_152022182_L_08.wav,1,0.029375448994252873,0.006842901,-646.686279296875,44.51650619506836,6.485500335693359,11.670241355895996,0.001916541950777173,-12.111413955688477,-3.127237558364868,-3.230428457260132,-4.616933822631836,-1.0751253366470337,-3.554823637008667,-2.7913529872894287,-1.5050121545791626
1_152022182_L_09.wav,1,0.027176288921480145,0.003735353,-698.4832763671875,47.55767059326172,10.177457809448242,14.29961109161377,1.1797370910644531,-12.15534782409668,-3.6130597591400146,-2.7200615406036377,-3.611307382583618,-1.3754758834838867,-4.9983086585998535,-3.9780454635620117,-1.5804059505462646
1_152022182_L_10.wav,1,0.026442456151185772,0.0074915728,-657.3956298828125,52.927207946777344,8.626254081726074,12.149205207824707,-0.6631394028663635,-12.744688034057617,-2.765915870666504,-2.8343024253845215,-3.1856255531311035,0.5546386241912842,-3.675562858581543,-2.6845152378082275,-0.40984925627708435
1_152022182_L_11.wav,1,0.0271475846069869,0.0047198725,-685.7782592773438,52.87083053588867,9.08296012878418,15.811406135559082,1.1760555505752563,-13.194113731384277,-2.7249317169189453,-3.362624406814575,-4.052765369415283,0.12712128460407257,-4.2217793464660645,-3.2737491130828857,-1.3698854446411133
1_152022182_L_12.wav,1,0.027107007575757576,0.0062201386,-673.8894653320312,70.4793930053711,20.54365348815918,21.287220001220703,4.081465244293213,-12.525604248046875,-3.995757579803467,-3.8793365955352783,-3.619443893432617,-0.39104631543159485,-6.215235710144043,-5.491981506347656,-2.4832334518432617
1_152022182_L_13.wav,1,0.025542361802788845,0.005109454,-682.863037109375,58.8927116394043,17.01214027404785,15.206578254699707,0.3747536838054657,-10.420798301696777,-3.5619049072265625,-5.648202896118164,-3.4575233459472656,0.9791847467422485,-4.422752380371094,-3.4981441497802734,-1.4865058660507202
1_152022182_L_14.wav,1,0.024837509725103735,0.006612796,-663.8486938476562,53.97134780883789,11.210103034973145,13.10954761505127,0.13625279068946838,-10.909381866455078,-1.9423487186431885,-2.839118003845215,-3.357743501663208,-0.5412217974662781,-4.115499973297119,-2.1343436241149902,-1.0105470418930054
1_152022182_L_15.wav,1,0.024039335029069766,0.007703474,-668.0252685546875,54.980201721191406,5.8634538650512695,13.318741798400879,1.3770618438720703,-11.272624015808105,-1.369098424911499,-3.6467461585998535,-3.656013250350952,1.294297456741333,-4.109328746795654,-3.1376473903656006,-0.6966838240623474
1_152022182_L_16.wav,1,0.02918941541988417,0.0051952084,-688.447265625,54.51704788208008,13.658027648925781,18.636329650878906,1.0802501440048218,-12.766647338867188,-2.1111948490142822,-5.451263427734375,-7.465155124664307,-1.9835634231567383,-4.896264553070068,-3.0134918689727783,-1.2415130138397217
1_152022182_L_17.wav,1,0.024031929347826088,0.0060415,-673.302734375,47.490665435791016,8.200506210327148,12.880162239074707,1.3501445055007935,-10.325051307678223,-2.1485214233398438,-3.1035854816436768,-3.5548856258392334,0.006224002689123154,-3.8119161128997803,-3.125410795211792,-1.4988175630569458
1_152022182_L_18.wav,1,0.02707586028696498,0.0059623104,-665.9017944335938,47.05712890625,9.429959297180176,13.141829490661621,1.9137048721313477,-9.36110782623291,-1.426093578338623,-2.598789930343628,-4.868987560272217,-2.161797523498535,-4.2621750831604,-2.8928706645965576,-1.3253800868988037
1_152022182_L_19.wav,1,0.029339672559760957,0.004352736,-673.6412353515625,46.969364166259766,13.218273162841797,17.860231399536133,1.626147985458374,-12.211472511291504,-4.211386203765869,-5.104172229766846,-4.146508693695068,-0.6464352607727051,-4.748326778411865,-1.772903323173523,0.03423808515071869
1_152022182_L_20.wav,1,0.024204049059139785,0.005730326,-686.724365234375,47.592342376708984,9.047968864440918,9.667197227478027,0.32980582118034363,-7.556299209594727,-1.1735703945159912,-2.640655517578125,-2.2162318229675293,-0.8554420471191406,-5.369287490844727,-2.757732391357422,-0.9080197811126709
2_152022182_L_01.wav,2,0.2808940566588785,0.011251172,-516.638916015625,49.803592681884766,-24.47893714904785,18.516860961914062,-9.711409568786621,-5.624160289764404,-2.0496010780334473,-7.796910285949707,-5.488839626312256,-1.7163100242614746,-3.8817105293273926,-2.2594869136810303,-9.452781677246094
2_152022182_L_02.wav,2,0.2407513786764706,0.015064437,-491.7809753417969,60.52290725708008,-24.33506202697754,12.943833351135254,-11.30046558380127,-9.45641803741455,-0.8496711254119873,-11.910809516906738,-7.466162204742432,-4.641843318939209,-2.162318229675293,-0.8362818360328674,-7.320384502410889
2_152022182_L_03.wav,2,0.24900243615591397,0.011377678,-497.03448486328125,60.06731414794922,-24.965667724609375,18.558578491210938,-14.433506965637207,-7.14102840423584,-4.77540397644043,-10.300292015075684,-6.287786483764648,-1.2694947719573975,-3.715017318725586,-3.0995681285858154,-10.70823860168457
2_152022182_L_04.wav,2,0.2765667002688172,0.011794765,-508.4563293457031,54.472381591796875,-24.080169677734375,19.558637619018555,-11.3308744430542,-6.787714004516602,-3.0833353996276855,-11.157771110534668,-5.775542259216309,-3.354973554611206,-2.977663516998291,-1.960719108581543,-8.56528091430664
2_152022182_L_05.wav,2,0.27087983630952384,0.01107917,-509.4079284667969,48.12568283081055,-18.489879608154297,16.562469482421875,-8.930551528930664,-8.528166770935059,-2.2686188220977783,-11.189967155456543,-6.728940010070801,-6.38129186630249,-4.120890140533447,-1.5792852640151978,-7.5925984382629395
2_152022182_L_06.wav,2,0.28586007882882886,0.0104348,-510.9539794921875,47.92739486694336,-24.983154296875,19.81053352355957,-9.948580741882324,-8.422003746032715,-3.4646143913269043,-9.681922912597656,-5.418578624725342,-4.057058334350586,-5.319245338439941,-1.8166234493255615,-8.364057540893555
2_152022182_L_07.wav,2,0.2665026700949367,0.012063759,-506.14276123046875,60.23817443847656,-24.151281356811523,22.663206100463867,-11.640922546386719,-4.377142429351807,-4.118330001831055,-9.501498222351074,-6.395881175994873,-2.363598108291626,-4.223442554473877,-2.3622689247131348,-9.021771430969238
2_152022182_L_08.wav,2,0.25183242626404495,0.009848026,-504.055419921875,56.20401382446289,-29.415212631225586,18.496261596679688,-12.929834365844727,-3.7008063793182373,-3.1509814262390137,-11.352428436279297,-9.903892517089844,-2.605621814727783,-3.8991074562072754,1.1462788581848145,-7.006471157073975
2_152022182_L_09.wav,2,0.27802734375,0.013142397,-503.5954895019531,48.62408447265625,-17.82491683959961,13.06054973602295,-7.952880859375,-9.49479866027832,-0.3950560986995697,-9.881260871887207,-5.703352928161621,-3.7453513145446777,-3.39009690284729,-1.849111795425415,-8.077971458435059
2_152022182_L_10.wav,2,0.2658718837780899,0.015150645,-498.2366638183594,50.05393981933594,-18.413034439086914,13.536495208740234,-9.306017875671387,-10.824636459350586,0.2906343638896942,-10.100726127624512,-3.5284526348114014,-2.9048805236816406,-3.8494913578033447,-3.488802909851074,-9.625760078430176
2_152022182_L_11.wav,2,0.2658718837780899,0.015150645,-498.2366638183594,50.05393981933594,-18.413034439086914,13.536495208740234,-9.306017875671387,-10.824636459350586,0.2906343638896942,-10.100726127624512,-3.5284526348114014,-2.9048805236816406,-3.8494913578033447,-3.488802909851074,-9.625760078430176
2_152022182_L_12.wav,2,0.26702249461206895,0.012218928,-490.8124084472656,49.39784240722656,-27.444557189941406,21.12298011779785,-12.130636215209961,-5.416574954986572,-2.442593812942505,-7.588075637817383,-8.648730278015137,-2.317474842071533,-5.750939846038818,-0.8827052712440491,-9.387579917907715
2_152022182_L_13.wav,2,0.26109095982142855,0.0106872255,-509.3100891113281,56.31520080566406,-21.116994857788086,19.230073928833008,-12.301300048828125,-7.883266448974609,-1.5546298027038574,-7.844914436340332,-5.8948163986206055,-3.6006128787994385,-5.263669013977051,-1.995543122291565,-8.496402740478516
2_152022182_L_14.wav,2,0.27415679603494625,0.010369998,-511.496337890625,51.02840805053711,-23.040681838989258,21.00798988342285,-11.138259887695312,-4.817100524902344,-2.2926602363586426,-9.248811721801758,-5.902043342590332,-2.8947038650512695,-3.763488531112671,-2.8884990215301514,-8.81455135345459
2_152022182_L_15.wav,2,0.27023841594827586,0.016050315,-496.25970458984375,52.159202575683594,-20.804828643798828,14.376627922058105,-7.097813606262207,-9.037835121154785,-0.25260472297668457,-10.265491485595703,-4.403729438781738,-2.73626446723938,-2.8406739234924316,-1.3443243503570557,-8.589290618896484
2_152022182_L_16.wav,2,0.2589446686126374,0.012807481,-501.79669189453125,53.08161163330078,-18.063695907592773,18.676456451416016,-7.842360496520996,-8.660372734069824,-1.20394766330719,-9.848648071289062,-2.3558146953582764,-3.8544936180114746,-3.393573760986328,-2.179389476776123,-7.946616172790527
2_152022182_L_17.wav,2,0.27272306743421054,0.012857525,-504.6063232421875,53.153987884521484,-20.049991607666016,15.716817855834961,-9.827291488647461,-8.302873611450195,-0.8479297757148743,-11.303434371948242,-5.715761184692383,-5.794888019561768,-3.322401762008667,-1.9968777894973755,-8.323005676269531
2_152022182_L_18.wav,2,0.2637201665521978,0.011226071,-504.0932922363281,58.08539581298828,-21.50358772277832,20.924678802490234,-12.331564903259277,-7.736644268035889,-2.6057536602020264,-10.142343521118164,-5.870396137237549,-3.4054505825042725,-4.032750606536865,-2.250432014465332,-10.08938217163086
2_152022182_L_19.wav,2,0.25739972615979384,0.011327837,-504.78802490234375,53.09247970581055,-21.679868698120117,19.905397415161133,-8.338988304138184,-8.658761024475098,-4.608409881591797,-12.188566207885742,-7.803913116455078,-6.3359551429748535,-4.256186485290527,-1.8574111461639404,-7.731049537658691
2_152022182_L_20.wav,2,0.2706588273195876,0.01381046,-504.8839416503906,50.811920166015625,-20.650814056396484,16.303485870361328,-9.521894454956055,-8.816585540771484,-0.8849271535873413,-9.503812789916992,-4.111692428588867,-4.257494926452637,-4.219198703765869,-1.7596948146820068,-9.691091537475586
3_152022182_L_01.wav,3,0.23885569852941177,0.01769401,-486.8755187988281,59.25244903564453,-20.235132217407227,20.247968673706055,-2.1590723991394043,-11.650813102722168,-7.471754550933838,-9.563029289245605,-5.894471168518066,-5.767342567443848,-6.454277515411377,-5.730695724487305,-8.10020923614502
3_152022182_L_02.wav,3,0.2375,0.01933117,-484.28082275390625,58.48092269897461,-21.692350387573242,20.441028594970703,-0.7152837514877319,-13.434968948364258,-9.841874122619629,-9.046385765075684,-5.674490928649902,-6.610259056091309,-4.4051833152771,-4.83371114730835,-8.497389793395996
3_152022182_L_03.wav,3,0.20671429550438597,0.031252082,-470.9874267578125,59.854286193847656,-9.388445854187012,12.383260726928711,1.0016814470291138,-16.101253509521484,-14.813653945922852,-10.291116714477539,-5.916866779327393,-7.9610419273376465,-3.9059550762176514,-2.962810754776001,-8.677742004394531
3_152022182_L_04.wav,3,0.17952769886363637,0.027779534,-451.4546203613281,77.79275512695312,-32.509578704833984,22.695781707763672,2.721040964126587,-14.8347806930542,-17.435197830200195,-8.331265449523926,-4.766725063323975,-4.718603610992432,-8.200265884399414,-6.341861724853516,-7.254086971282959
3_152022182_L_05.wav,3,0.22773850132042253,0.028375823,-469.46099853515625,55.231468200683594,-15.405993461608887,16.20416831970215,-0.9231839179992676,-15.21928596496582,-11.09831428527832,-15.292238235473633,-8.029498100280762,-4.655779838562012,-4.724178791046143,-4.214694499969482,-8.449384689331055
3_152022182_L_06.wav,3,0.2543815104166667,0.018234877,-496.41900634765625,60.911399841308594,-20.87448501586914,24.54595947265625,-4.190251350402832,-13.8006010055542,-7.893842697143555,-11.190505981445312,-4.791971683502197,-7.636799335479736,-4.09072208404541,-4.5173659324646,-8.661635398864746
3_152022182_L_07.wav,3,0.2396980660860656,0.02376605,-496.1992492675781,67.29896545410156,-15.067361831665039,27.14763832092285,-1.7615997791290283,-11.167489051818848,-9.861526489257812,-10.610908508300781,-8.512880325317383,-7.386570930480957,-7.4607253074646,-3.0057125091552734,-7.933178901672363
3_152022182_L_08.wav,3,0.20096497616525424,0.030578326,-471.2213134765625,72.20682525634766,-17.336471557617188,17.93515968322754,0.03282509371638298,-12.835564613342285,-15.208961486816406,-13.968031883239746,-4.115560054779053,-3.2226357460021973,-6.126343727111816,-5.043717861175537,-7.6842451095581055
3_152022182_L_09.wav,3,0.20794222248134328,0.026969185,-466.1939392089844,69.4764175415039,-18.65879249572754,19.073148727416992,-3.894857883453369,-13.388721466064453,-7.916081428527832,-12.02263355255127,-6.197488784790039,-3.7953855991363525,-3.541360378265381,-4.096158027648926,-8.356118202209473
3_152022182_L_10.wav,3,0.2159775556144068,0.028507402,-479.77899169921875,67.68120574951172,-18.461700439453125,27.777854919433594,-4.5988593101501465,-15.838276863098145,-12.48421573638916,-13.573079109191895,-8.440146446228027,-8.16162395477295,-7.213843822479248,-5.708319187164307,-8.027387619018555
3_152022182_L_11.wav,3,0.21593353713768115,0.018221697,-478.6290283203125,61.29037857055664,-23.327035903930664,17.5506649017334,-11.710860252380371,-12.693161010742188,-3.456526756286621,-8.437192916870117,-7.032264232635498,-9.685476303100586,-6.186227321624756,-3.114375352859497,-7.129091739654541
3_152022182_L_12.wav,3,0.23374965734649122,0.02483417,-483.5529479980469,63.60493850708008,-17.862470626831055,23.914453506469727,-3.9153385162353516,-15.422344207763672,-10.203210830688477,-8.99027156829834,-6.381633758544922,-8.81042766571045,-7.837741374969482,-5.307150363922119,-9.873254776000977
3_152022182_L_13.wav,3,0.2210411658653846,0.017845511,-487.6419372558594,68.94407653808594,-22.150026321411133,21.645973205566406,-6.218455791473389,-12.653791427612305,-12.152885437011719,-14.0877046585083,-7.490334510803223,-8.58517837524414,-5.301206588745117,0.05924561619758606,-8.307146072387695
3_152022182_L_14.wav,3,0.21271033653846153,0.024690751,-482.04376220703125,62.63428497314453,-16.44261932373047,17.344335556030273,1.0737102031707764,-16.74492835998535,-13.445023536682129,-13.019176483154297,-9.731685638427734,-8.921285629272461,-5.438349723815918,0.04190836846828461,-5.593854904174805
3_152022182_L_15.wav,3,0.21981119791666667,0.028158722,-468.1350402832031,48.9629020690918,-11.893881797790527,11.681144714355469,-0.6754445433616638,-12.6015043258667,-9.26737117767334,-10.099395751953125,-9.674071311950684,-5.376438617706299,-1.8278728723526,-3.092411994934082,-6.935160160064697
3_152022182_L_16.wav,3,0.23128004807692307,0.023856342,-487.8073425292969,57.67079162597656,-13.746058464050293,20.726625442504883,-0.35930222272872925,-15.3964262008667,-9.965230941772461,-10.091653823852539,-8.537467002868652,-8.8287353515625,-5.705271244049072,-2.033235549926758,-7.3913140296936035
3_152022182_L_17.wav,3,0.24438840951492538,0.016672479,-502.194091796875,65.51383972167969,-21.160810470581055,28.701980590820312,-3.6858692169189453,-12.295085906982422,-13.794581413269043,-10.487475395202637,-7.5948405265808105,-9.749434471130371,-7.4790544509887695,-2.6888089179992676,-5.887334823608398
3_152022182_L_18.wav,3,0.20016329405737704,0.02624476,-481.4366149902344,71.05075073242188,-7.526793956756592,14.334464073181152,-3.576040744781494,-15.291749954223633,-13.932272911071777,-12.026371955871582,-7.457411289215088,-6.978326320648193,-6.344149589538574,-2.154515504837036,-4.526068210601807
3_152022182_L_19.wav,3,0.22754657451923077,0.022693334,-488.7350158691406,68.43843078613281,-21.884092330932617,26.45940589904785,-4.500277519226074,-15.870072364807129,-12.056395530700684,-9.874667167663574,-9.490410804748535,-8.739877700805664,-6.008133411407471,-1.5185232162475586,-5.299284934997559
3_152022182_L_20.wav,3,0.2684705010775862,0.013661847,-513.3977661132812,49.33782958984375,-16.363872528076172,19.124170303344727,-2.6636617183685303,-12.229170799255371,-9.145834922790527,-11.101995468139648,-4.21177864074707,-6.8251166343688965,-6.360496997833252,-0.8646931052207947,-5.035989761352539
4_152022182_L_01.wav,4,0.24573567708333333,0.011669004,-516.670654296875,62.275978088378906,-21.567441940307617,9.061738014221191,-11.475316047668457,-6.31429386138916,-6.067074298858643,-8.914420127868652,-3.764334201812744,-5.243930816650391,-2.6833600997924805,-3.396667718887329,-6.029977798461914
4_152022182_L_02.wav,4,0.1829522824754902,0.01565319,-483.0807189941406,90.18267822265625,-13.81152057647705,9.34383773803711,-13.49349308013916,-8.182865142822266,-4.935408592224121,-11.115859985351562,-5.440929889678955,-3.4148361682891846,-0.9334263801574707,-2.753469705581665,-8.00350284576416
4_152022182_L_03.wav,4,0.21422776442307692,0.013361233,-498.89678955078125,82.60741424560547,-22.369808197021484,10.169058799743652,-14.210686683654785,-4.147310733795166,-4.544775485992432,-8.273499488830566,-6.6938323974609375,-3.344996452331543,-2.679274320602417,0.06531526893377304,-6.730376720428467
4_152022182_L_04.wav,4,0.2140076519691781,0.013707994,-496.04827880859375,72.21405029296875,-16.160104751586914,5.831845283508301,-14.900455474853516,-12.298956871032715,-8.668341636657715,-11.883874893188477,-7.023865699768066,-5.123074531555176,-1.4333393573760986,-2.3136324882507324,-5.854073524475098
4_152022182_L_05.wav,4,0.21270282451923078,0.01004291,-507.2919921875,78.20475006103516,-23.67428970336914,11.922239303588867,-14.481476783752441,-6.531473636627197,-9.638747215270996,-12.691144943237305,-9.118465423583984,-2.968825101852417,-5.280101299285889,-2.445824146270752,-7.819764137268066
4_152022182_L_06.wav,4,0.20268773320895522,0.013042378,-489.72119140625,80.78630828857422,-24.19013023376465,12.770244598388672,-16.02835464477539,-6.908752918243408,-10.945304870605469,-13.010631561279297,-8.840605735778809,-3.8769052028656006,-4.732515811920166,-2.3753085136413574,-7.201929092407227
4_152022182_L_07.wav,4,0.23243689903846154,0.012512465,-505.22314453125,77.41291809082031,-26.1273193359375,10.491342544555664,-17.051578521728516,-4.431676387786865,-6.974639415740967,-10.89330768585205,-7.695838928222656,-2.907731056213379,-5.380322456359863,-5.3481364250183105,-7.0548529624938965
4_152022182_L_08.wav,4,0.21182105654761904,0.010533164,-510.6634216308594,78.8052978515625,-21.53668785095215,11.393244743347168,-14.98965072631836,-4.940142631530762,-8.371359825134277,-9.98660945892334,-8.239383697509766,-1.9366954565048218,-4.338648319244385,-3.704493284225464,-5.913021087646484
4_152022182_L_09.wav,4,0.22232829990671643,0.011983078,-498.0780029296875,82.12451171875,-24.379976272583008,9.536508560180664,-21.028606414794922,-8.404302597045898,-7.280900001525879,-8.271591186523438,-7.600772380828857,-1.459256649017334,-3.7476131916046143,-4.656591415405273,-7.0862135887146
4_152022182_L_10.wav,4,0.21095052083333332,0.013056263,-497.8527526855469,77.32170867919922,-20.29824447631836,11.25603199005127,-17.281850814819336,-7.511079788208008,-9.151202201843262,-11.76634407043457,-5.794493198394775,-2.792775869369507,-3.3030691146850586,-0.972142219543457,-6.975039005279541
4_152022182_L_11.wav,4,0.23242895153985507,0.013493607,-500.3896179199219,76.89672088623047,-22.370532989501953,10.244274139404297,-15.58837890625,-6.772327899932861,-10.316887855529785,-11.841805458068848,-6.32302188873291,-4.010562896728516,-3.3176662921905518,-3.454946994781494,-5.037286281585693
4_152022182_L_12.wav,4,0.2518295839608434,0.009244698,-511.76824951171875,69.08680725097656,-23.87364959716797,15.99168586730957,-12.947381973266602,-3.752256155014038,-8.0164155960083,-8.262555122375488,-6.601208686828613,-3.9579479694366455,-5.451760768890381,-3.15694260597229,-8.019116401672363
4_152022182_L_13.wav,4,0.23080318921232876,0.009317326,-508.7537841796875,74.86539459228516,-24.007638931274414,14.005873680114746,-12.949084281921387,-4.638212203979492,-7.882608413696289,-10.053964614868164,-9.767662048339844,-3.2744269371032715,-3.032550573348999,-1.5046820640563965,-8.601777076721191
4_152022182_L_14.wav,4,0.24932215073529412,0.010670059,-509.3355712890625,66.97486877441406,-23.14312744140625,15.984841346740723,-15.319744110107422,-7.210911750793457,-8.10516357421875,-9.344002723693848,-6.431809902191162,-2.5875444412231445,-2.661058187484741,-3.7455365657806396,-7.343768119812012
4_152022182_L_15.wav,4,0.17010406949626866,0.019378945,-468.4044189453125,83.68721771240234,-22.503246307373047,1.2461096048355103,-18.120424270629883,-14.465103149414062,-4.631285190582275,-8.14525032043457,-6.50486421585083,-5.587800025939941,0.3728458881378174,0.5048609972000122,-5.031583786010742
4_152022182_L_16.wav,4,0.20326908299180327,0.016272698,-491.5463562011719,79.2779541015625,-22.2684268951416,10.436875343322754,-13.999381065368652,-11.686227798461914,-10.806524276733398,-13.849193572998047,-7.656561851501465,-3.1647837162017822,-2.4373903274536133,-3.824723958969116,-8.027023315429688
4_152022182_L_17.wav,4,0.21314717955508475,0.014183194,-486.72314453125,87.09444427490234,-23.464969635009766,11.042698860168457,-13.8745698928833,-8.902713775634766,-8.700685501098633,-11.9843111038208,-7.478262901306152,-4.115794658660889,-2.6846563816070557,-3.925368070602417,-9.377507209777832
4_152022182_L_18.wav,4,0.20727138831967212,0.0142239025,-494.74066162109375,81.1635513305664,-20.48849868774414,9.915542602539062,-13.642915725708008,-8.156354904174805,-6.0891947746276855,-10.751056671142578,-7.364242076873779,-2.671097755432129,-3.5025317668914795,-5.2298359870910645,-10.070270538330078
4_152022182_L_19.wav,4,0.21463145380434784,0.018247258,-480.5370178222656,81.75286102294922,-25.364728927612305,9.593753814697266,-14.615367889404297,-10.413762092590332,-8.128522872924805,-9.754132270812988,-5.873724460601807,-3.1585006713867188,-4.9231696128845215,-4.592612266540527,-7.613302707672119
4_152022182_L_20.wav,4,0.24573567708333333,0.011669004,-516.670654296875,62.275978088378906,-21.567441940307617,9.061738014221191,-11.475316047668457,-6.31429386138916,-6.067074298858643,-8.914420127868652,-3.764334201812744,-5.243930816650391,-2.6833600997924805,-3.396667718887329,-6.029977798461914
5_152022182_L_01.wav,5,0.2504538952464789,0.014413926,-513.3525390625,55.630558013916016,-16.37394142150879,14.289986610412598,-6.841373443603516,-9.650668144226074,-9.835419654846191,-10.682981491088867,-4.559075355529785,-5.788565635681152,-6.315563678741455,-3.7286932468414307,-6.811333656311035
5_152022182_L_02.wav,5,0.19418174342105263,0.021505179,-463.3970947265625,81.5325698852539,-27.555810928344727,19.917430877685547,-3.466588020324707,-7.941876411437988,-13.053536415100098,-10.8617582321167,-5.480159759521484,-3.984567642211914,-5.7430806159973145,-9.487967491149902,-10.406074523925781
5_152022182_L_03.wav,5,0.19691342213114754,0.024407338,-470.5497131347656,79.17332458496094,-14.215452194213867,13.258890151977539,-7.22840690612793,-9.856671333312988,-5.645687103271484,-9.086649894714355,-8.10523796081543,-8.752427101135254,-8.444687843322754,-5.492705345153809,-6.374534606933594
5_152022182_L_04.wav,5,0.21214693509615384,0.021393592,-481.2297058105469,72.59071350097656,-18.17717170715332,18.217269897460938,-4.425308704376221,-8.885478973388672,-9.01163387298584,-11.834970474243164,-8.688701629638672,-7.952354907989502,-7.363406658172607,-8.628691673278809,-9.694221496582031
5_152022182_L_05.wav,5,0.2324997169384058,0.025821205,-472.4635925292969,64.30694580078125,-17.990339279174805,15.169771194458008,-2.9430019855499268,-10.247461318969727,-5.280996799468994,-11.587972640991211,-7.434670448303223,-4.929636001586914,-5.438720226287842,-5.537301540374756,-8.283660888671875
5_152022182_L_06.wav,5,0.21774773848684212,0.022646649,-479.5688781738281,79.36164855957031,-22.025300979614258,29.137426376342773,-7.396844387054443,-9.429311752319336,-8.597001075744629,-12.192739486694336,-9.470582962036133,-3.860374689102173,-7.090099811553955,-8.024532318115234,-12.038575172424316
5_152022182_L_07.wav,5,0.20948066086065573,0.022018563,-478.9887390136719,78.65972900390625,-18.481063842773438,21.613937377929688,-7.810914039611816,-10.128026962280273,-9.193643569946289,-12.444053649902344,-8.79377555847168,-6.394275665283203,-7.428341388702393,-6.078927516937256,-9.40118408203125
5_152022182_L_08.wav,5,0.20369078621031747,0.019245153,-476.6183166503906,80.2531967163086,-21.081523895263672,21.7952823638916,-10.011726379394531,-9.98185920715332,-12.397067070007324,-14.216751098632812,-9.310836791992188,-3.1989493370056152,-7.669188022613525,-6.749176502227783,-11.08462905883789
5_152022182_L_09.wav,5,0.21378455528846155,0.019401481,-486.7621154785156,71.89411926269531,-14.686556816101074,24.435176849365234,-5.418761253356934,-9.058319091796875,-8.408309936523438,-12.446690559387207,-9.480910301208496,-6.764361381530762,-7.479820728302002,-5.300780296325684,-10.31514835357666
5_152022182_L_10.wav,5,0.18080112390350878,0.02509632,-463.3081970214844,84.6897201538086,-23.325389862060547,18.852535247802734,-11.170252799987793,-11.925209045410156,-7.7740159034729,-8.132294654846191,-10.417827606201172,-6.637556552886963,-8.044761657714844,-7.445451736450195,-12.003595352172852
5_152022182_L_11.wav,5,0.2186855100235849,0.027208533,-477.4469299316406,79.2771224975586,-15.335350036621094,25.87373161315918,-7.01314640045166,-8.818408966064453,-9.794341087341309,-12.940845489501953,-9.670943260192871,-5.645660400390625,-7.177241325378418,-5.791364669799805,-9.2371244430542
5_152022182_L_12.wav,5,0.2087001515858209,0.022900905,-467.288330078125,81.76792907714844,-23.651784896850586,23.09374237060547,-10.253993034362793,-10.54890251159668,-9.252721786499023,-8.798110008239746,-6.429229736328125,-4.405515670776367,-6.7019147872924805,-6.436836242675781,-11.342473030090332
5_152022182_L_13.wav,5,0.20239622201492538,0.020919647,-476.0611267089844,74.08638763427734,-20.443147659301758,19.581422805786133,-10.246917724609375,-12.675886154174805,-6.538527011871338,-11.75902271270752,-9.176677703857422,-6.221956729888916,-5.032179355621338,-5.384204864501953,-12.566523551940918
5_152022182_L_14.wav,5,0.2124558540239726,0.01710724,-479.5080261230469,71.65238189697266,-25.36052131652832,23.22600555419922,-8.102208137512207,-7.971220016479492,-10.671405792236328,-12.44546890258789,-9.415654182434082,-3.288555383682251,-7.153257369995117,-6.1961565017700195,-10.034835815429688
5_152022182_L_15.wav,5,0.16693209134615383,0.014349316,-474.53204345703125,75.11427307128906,-20.836212158203125,25.981290817260742,-11.248729705810547,-8.824769973754883,-8.187785148620605,-6.064080238342285,-11.565446853637695,-2.411093235015869,-4.330265045166016,-2.0537521839141846,-13.328080177307129
5_152022182_L_16.wav,5,0.2002193263319672,0.027881656,-458.6221008300781,70.32757568359375,-13.251286506652832,21.144018173217773,-5.665247917175293,-13.704840660095215,-4.346484184265137,-11.974827766418457,-9.437251091003418,-5.011886119842529,-3.748002052307129,-5.6879167556762695,-9.655177116394043
5_152022182_L_17.wav,5,0.22554467429577466,0.023556592,-468.91900634765625,63.24993896484375,-16.804019927978516,17.44217872619629,-4.333284378051758,-11.659834861755371,-3.681980609893799,-10.603854179382324,-8.236845970153809,-6.01076078414917,-3.871126413345337,-4.885204792022705,-6.796935558319092
5_152022182_L_18.wav,5,0.20984402508802816,0.02810676,-456.3295593261719,71.60386657714844,-21.94344711303711,26.26422119140625,-7.604935646057129,-11.377527236938477,-9.078323364257812,-14.421527862548828,-4.828843593597412,-5.932857990264893,-6.259575843811035,-7.738396644592285,-10.042187690734863
5_152022182_L_19.wav,5,0.2252250339673913,0.026886664,-481.5105285644531,66.45211029052734,-8.86485767364502,17.846416473388672,0.1981472373008728,-12.492364883422852,-10.892755508422852,-12.908782958984375,-7.289365768432617,-7.258197784423828,-4.948814868927002,-1.2887873649597168,-3.9539387226104736
5_152022182_L_20.wav,5,0.22053328804347827,0.023641288,-483.3799133300781,68.39940643310547,-10.585525512695312,21.128971099853516,-4.989863395690918,-13.520853042602539,-9.476686477661133,-14.109132766723633,-7.48821496963501,-7.75996732711792,-4.478696823120117,-0.5627886056900024,-6.585824489593506
6_152022182_L_01.wav,6,0.2278668129280822,0.01383175,-482.6221618652344,72.80537414550781,-27.62196159362793,21.679738998413086,-9.348528861999512,-7.367612838745117,-9.115534782409668,-10.088770866394043,-3.955573081970215,0.1804787665605545,-6.7727766036987305,-7.003891944885254,-10.997018814086914
6_152022182_L_02.wav,6,0.2394978151483051,0.016439265,-486.9772644042969,77.16780853271484,-21.78423500061035,23.25092124938965,-7.122684001922607,-4.613153457641602,-7.79629373550415,-10.206052780151367,-5.515206336975098,-0.5237705707550049,-5.515410900115967,-3.940892219543457,-9.64127254486084
6_152022182_L_03.wav,6,0.24076140873015872,0.010744186,-505.2083435058594,67.8744125366211,-19.966445922851562,22.95773696899414,-8.093084335327148,-6.11342716217041,-7.857549667358398,-9.745800971984863,-6.654975414276123,-2.896420478820801,-4.814282417297363,-3.044405221939087,-8.367130279541016
6_152022182_L_04.wav,6,0.2234424655720339,0.025601061,-470.11468505859375,71.32630920410156,-12.827632904052734,18.450796127319336,-1.6849184036254883,-9.941627502441406,-4.111939430236816,-13.153154373168945,-7.437586784362793,-2.070096969604492,-2.2488856315612793,-2.7417352199554443,-7.595895767211914
6_152022182_L_05.wav,6,0.21738121157786885,0.016573252,-483.84490966796875,75.4548110961914,-20.991113662719727,23.7860107421875,-6.503854751586914,-6.708613395690918,-6.905545234680176,-8.584074974060059,-8.385356903076172,-4.871624946594238,-6.151525497436523,-3.5813605785369873,-10.198261260986328
6_152022182_L_06.wav,6,0.19856770833333334,0.026116643,-464.7392272949219,84.54511260986328,-12.712308883666992,15.516227722167969,-6.538212299346924,-9.225176811218262,-6.482166290283203,-13.10605239868164,-6.806357383728027,-3.7161056995391846,-4.759217739105225,-5.653910160064697,-9.162528991699219
6_152022182_L_07.wav,6,0.22234552556818182,0.027366024,-468.9271545410156,83.19425964355469,-18.41132926940918,17.107622146606445,-9.751555442810059,-8.749913215637207,-6.679501533508301,-11.447779655456543,-8.840340614318848,-4.435851097106934,-3.461181879043579,-3.415905714035034,-8.569250106811523
6_152022182_L_08.wav,6,0.19383808210784315,0.023166452,-469.2490539550781,78.87655639648438,-24.349742889404297,17.598461151123047,-7.516721248626709,-8.09522533416748,-12.143590927124023,-14.345998764038086,-6.003501892089844,-1.8553787469863892,-5.953625202178955,-7.48821496963501,-9.352472305297852
6_152022182_L_09.wav,6,0.2041568396226415,0.017968668,-475.1434326171875,84.52144622802734,-18.926918029785156,20.328250885009766,-9.024754524230957,-5.218944549560547,-7.24591064453125,-11.378031730651855,-7.998610973358154,-2.965949535369873,-4.972988605499268,-5.6781415939331055,-10.756375312805176
6_152022182_L_10.wav,6,0.1944521949404762,0.022121577,-462.822021484375,76.96631622314453,-18.093219757080078,10.404170989990234,-6.990198612213135,-7.9373860359191895,-3.542611598968506,-11.765302658081055,-4.945340156555176,-0.7300399541854858,-0.4705066382884979,-4.228642463684082,-11.024398803710938
6_152022182_L_11.wav,6,0.23052871436403508,0.016953576,-482.818115234375,76.82742309570312,-17.99489402770996,19.049962997436523,-8.030293464660645,-7.083503723144531,-4.581320762634277,-10.232529640197754,-6.202565670013428,-4.880763053894043,-5.978150844573975,-5.123717784881592,-8.461960792541504
6_152022182_L_12.wav,6,0.21111505681818182,0.02453315,-467.4012145996094,79.16390228271484,-11.999947547912598,15.585063934326172,-8.705787658691406,-13.43940544128418,-6.007808208465576,-12.722887992858887,-6.54086971282959,-1.958324670791626,-2.177868127822876,-5.6883368492126465,-8.905308723449707
6_152022182_L_13.wav,6,0.2148615056818182,0.018128034,-481.2532958984375,83.95056915283203,-16.429819107055664,22.289411544799805,-9.295950889587402,-8.02841567993164,-10.415114402770996,-11.141077041625977,-6.775716781616211,-3.7323694229125977,-6.317532539367676,-5.021968841552734,-9.546208381652832
6_152022182_L_14.wav,6,0.21709914434523808,0.018494176,-480.842041015625,75.29877471923828,-17.886577606201172,16.379789352416992,-9.055208206176758,-6.366581439971924,-5.534862995147705,-11.16932201385498,-6.527968883514404,-2.8154616355895996,-3.3344740867614746,-4.207426071166992,-8.21555233001709
6_152022182_L_15.wav,6,0.22502200704225353,0.012511909,-488.4739685058594,68.568115234375,-23.83382797241211,16.288177490234375,-10.005753517150879,-8.005404472351074,-6.3263258934021,-10.942599296569824,-5.780304908752441,-2.2173290252685547,-2.6575944423675537,-4.896368026733398,-9.13822078704834
6_152022182_L_16.wav,6,0.22144681490384616,0.024300853,-473.57427978515625,67.1535873413086,-17.32809829711914,10.158468246459961,-6.107422828674316,-10.416017532348633,-2.6154682636260986,-9.88230037689209,-6.4123687744140625,-2.8683676719665527,-2.7427895069122314,-4.532766342163086,-8.066737174987793
6_152022182_L_17.wav,6,0.22814320709745764,0.02191903,-473.1910095214844,72.80259704589844,-15.335343360900879,15.17832088470459,-6.91013765335083,-11.92357063293457,-5.1225385665893555,-12.815324783325195,-6.823735237121582,-5.539896488189697,-4.410941123962402,-3.226840019226074,-8.147746086120605
6_152022182_L_18.wav,6,0.23595961084905662,0.021991633,-481.6654357910156,70.77503204345703,-18.770050048828125,16.639474868774414,-6.909295558929443,-7.134732723236084,-1.2896733283996582,-10.806294441223145,-10.495390892028809,-4.909610748291016,-0.971175491809845,-1.7426822185516357,-7.63759708404541
6_152022182_L_19.wav,6,0.20361328125,0.02510064,-460.458740234375,78.39596557617188,-19.09848976135254,8.461554527282715,-12.025335311889648,-10.158584594726562,-0.003556368639692664,-11.710420608520508,-8.738936424255371,-6.859683036804199,-3.7658851146698,-0.8294911980628967,-7.262734413146973
6_152022182_L_20.wav,6,0.2129841256648936,0.030209001,-467.9068298339844,78.51617431640625,-14.616462707519531,10.001079559326172,-5.289017200469971,-8.007862091064453,-4.107356071472168,-13.413674354553223,-7.534119129180908,-2.4763882160186768,-1.3406431674957275,-2.770279884338379,-9.215292930603027
7_152022182_L_01.wav,7,0.1936461433531746,0.032904003,-444.0381164550781,64.32781982421875,-17.417713165283203,12.71789264678955,-8.614867210388184,-10.911781311035156,1.693390130996704,-12.777270317077637,-3.8818070888519287,-5.969059944152832,-8.303058624267578,-8.625682830810547,-8.465265274047852
7_152022182_L_02.wav,7,0.16305391905737704,0.02560778,-453.02569580078125,76.13677215576172,-22.29397964477539,15.120195388793945,-16.54138946533203,-10.983769416809082,-2.806523323059082,-14.373980522155762,-3.266245126724243,-0.8142186999320984,-5.225285530090332,-7.990416526794434,-11.656510353088379
7_152022182_L_03.wav,7,0.2062274639423077,0.027240686,-467.9549255371094,65.509033203125,-13.728382110595703,14.367469787597656,-7.9592437744140625,-13.296768188476562,-6.136659145355225,-12.365296363830566,-5.662083625793457,-4.968851089477539,-7.421091556549072,-6.731813430786133,-7.2761454582214355
7_152022182_L_04.wav,7,0.22004957932692307,0.021736465,-477.44671630859375,68.32633972167969,-19.802873611450195,19.730825424194336,-10.881117820739746,-10.811031341552734,-5.583910942077637,-12.38260555267334,-4.767035961151123,-4.033646106719971,-6.980058193206787,-7.97532844543457,-8.562661170959473
7_152022182_L_05.wav,7,0.1583712218237705,0.038263645,-424.78485107421875,67.70066833496094,-6.362198829650879,-0.9768480658531189,-11.18825912475586,-11.581466674804688,-5.993028163909912,-10.764623641967773,-0.9700945019721985,0.20805177092552185,-5.0978922843933105,-9.663026809692383,-9.521233558654785
7_152022182_L_06.wav,7,0.1936461433531746,0.032904003,-444.0381164550781,64.32781982421875,-17.417713165283203,12.71789264678955,-8.614867210388184,-10.911781311035156,1.693390130996704,-12.777270317077637,-3.8818070888519287,-5.969059944152832,-8.303058624267578,-8.625682830810547,-8.465265274047852
7_152022182_L_07.wav,7,0.23663433527542374,0.028095646,-478.35107421875,63.37678909301758,-11.158284187316895,20.924335479736328,-5.264966011047363,-7.492122173309326,-3.568389892578125,-14.092798233032227,-5.726890563964844,-5.539883136749268,-8.926725387573242,-6.801153182983398,-7.912232398986816
7_152022182_L_08.wav,7,0.22850705866228072,0.0260683,-477.5353698730469,68.6984634399414,-6.7864990234375,21.51876449584961,-6.0323405265808105,-10.778939247131348,-3.015087842941284,-10.58440113067627,-7.370738983154297,-7.320774078369141,-10.372233390808105,-7.949370861053467,-6.478002548217773
7_152022182_L_09.wav,7,0.22304847592213115,0.029067673,-472.0180358886719,67.51292419433594,-10.161832809448242,22.72313690185547,-6.623842239379883,-8.33098030090332,-2.442399263381958,-12.367558479309082,-8.750076293945312,-7.825746059417725,-10.973479270935059,-7.752629280090332,-6.067990779876709
7_152022182_L_10.wav,7,0.2334259463028169,0.022376489,-474.1505432128906,62.95183181762695,-9.714232444763184,19.037919998168945,-4.558279037475586,-9.932449340820312,-4.103291034698486,-12.449458122253418,-7.386250019073486,-6.604753017425537,-10.25606632232666,-7.027322769165039,-6.431990146636963
7_152022182_L_11.wav,7,0.22762472587719298,0.018140884,-489.7724304199219,69.32276916503906,-17.94898796081543,26.9963321685791,-9.314433097839355,-7.1055216789245605,-6.383336544036865,-13.075276374816895,-7.029886245727539,-6.012087821960449,-10.920670509338379,-7.864416122436523,-7.555016040802002
7_152022182_L_12.wav,7,0.23359219990079366,0.01853996,-481.9623718261719,71.52144622802734,-21.362590789794922,23.586101531982422,-7.882625579833984,-4.084467887878418,-8.602884292602539,-12.62630844116211,-8.269245147705078,-2.651846408843994,-8.895881652832031,-7.567412853240967,-8.331460952758789
7_152022182_L_13.wav,7,0.22649629237288135,0.015435528,-481.3973693847656,73.15233612060547,-20.106975555419922,27.75890350341797,-8.581022262573242,-6.333858966827393,-8.872299194335938,-13.798972129821777,-8.913117408752441,-4.290079593658447,-9.043143272399902,-8.434341430664062,-7.841399669647217
7_152022182_L_14.wav,7,0.23176226699561403,0.032482732,-454.35211181640625,61.656951904296875,-6.059532642364502,16.41511344909668,-1.189089298248291,-10.931940078735352,-6.750953674316406,-19.489540100097656,-6.355131149291992,-2.8707728385925293,-6.950657367706299,-7.097278118133545,-8.810315132141113
7_152022182_L_15.wav,7,0.22489030393835616,0.021949138,-482.29547119140625,70.47413635253906,-13.071296691894531,20.695459365844727,-7.02632474899292,-7.708542823791504,-4.487654209136963,-15.374299049377441,-6.204219341278076,-8.044843673706055,-9.68712043762207,-8.48636531829834,-11.485072135925293
7_152022182_L_16.wav,7,0.2260587177579365,0.020391129,-486.2331848144531,71.33711242675781,-16.464040756225586,22.74121856689453,-8.023369789123535,-6.000802040100098,-5.257935523986816,-14.400903701782227,-6.960639953613281,-4.385429382324219,-8.641776084899902,-5.98268985748291,-7.0399298667907715
7_152022182_L_17.wav,7,0.20747395833333335,0.020658506,-467.1489562988281,64.24604034423828,-16.064672470092773,19.443771362304688,-1.9062817096710205,-7.178986072540283,-7.597194671630859,-13.918259620666504,-4.216797828674316,-6.027663707733154,-10.490612983703613,-8.170109748840332,-7.89436674118042
7_152022182_L_18.wav,7,0.22473326725746268,0.0228922,-474.16986083984375,68.08734893798828,-16.967649459838867,20.558992385864258,-4.340821266174316,-5.8809943199157715,-3.5975842475891113,-13.209177017211914,-6.634016036987305,-5.832743167877197,-8.268352508544922,-7.003326892852783,-7.666092872619629
7_152022182_L_19.wav,7,0.23114245450949367,0.012160196,-497.7974548339844,66.1644058227539,-17.589641571044922,26.761619567871094,-7.75653600692749,-3.7803051471710205,-5.615677356719971,-10.59218978881836,-11.839672088623047,-8.156922340393066,-10.404041290283203,-5.383022785186768,-7.30867338180542
7_152022182_L_20.wav,7,0.23423978365384615,0.023041904,-479.6437683105469,63.35590362548828,-10.227302551269531,22.997119903564453,-4.53645133972168,-9.569700241088867,-2.788738489151001,-14.867422103881836,-7.678407669067383,-4.8350372314453125,-7.3097076416015625,-5.3683247566223145,-7.408868789672852
8_152022182_L_01.wav,8,0.20594200721153846,0.012123191,-496.8138427734375,82.78473663330078,-24.265981674194336,17.008575439453125,-8.255152702331543,-4.706900596618652,-14.122791290283203,-12.45811653137207,-4.895120143890381,3.6873223781585693,-5.265405178070068,-7.660289764404297,-10.004573822021484
8_152022182_L_02.wav,8,0.21826171875,0.015762404,-480.0184020996094,84.75825500488281,-27.14857292175293,12.109964370727539,-11.455924987792969,-5.827727794647217,-14.782249450683594,-10.807625770568848,-2.508208751678467,4.37457799911499,-3.2985408306121826,-8.767141342163086,-10.225899696350098
8_152022182_L_03.wav,8,0.23173545063405798,0.017912634,-471.71600341796875,85.62393951416016,-26.634132385253906,16.843244552612305,-12.67270278930664,-6.856596946716309,-13.040133476257324,-8.82344913482666,-4.4133620262146,2.078453540802002,-7.0076751708984375,-10.891290664672852,-11.875466346740723
8_152022182_L_04.wav,8,0.2138176517210145,0.016731434,-471.6655578613281,85.46780395507812,-23.39165496826172,15.457558631896973,-11.345193862915039,-8.570744514465332,-14.626739501953125,-9.996673583984375,-1.7854584455490112,2.446218967437744,-6.0655741691589355,-9.49142837524414,-7.9997239112854
8_152022182_L_05.wav,8,0.23497988572761194,0.012083881,-483.25531005859375,87.27177429199219,-23.020341873168945,13.018333435058594,-12.119747161865234,-8.014388084411621,-14.024542808532715,-8.91793441772461,-0.4550502896308899,2.4280648231506348,-7.780237197875977,-9.26166820526123,-8.529635429382324
8_152022182_L_06.wav,8,0.2195615096830986,0.017472332,-472.0060119628906,85.41866302490234,-24.829483032226562,18.556840896606445,-5.651690483093262,-4.815760612487793,-13.725384712219238,-7.820133686065674,-1.0042082071304321,1.7044044733047485,-6.146488189697266,-11.715310096740723,-10.94340705871582
8_152022182_L_07.wav,8,0.22393329326923078,0.023539208,-458.9183044433594,87.65271759033203,-25.072586059570312,13.936163902282715,-7.00112247467041,-7.724820613861084,-13.705785751342773,-8.058051109313965,-0.03346549719572067,2.1315219402313232,-5.606711387634277,-10.503450393676758,-9.923775672912598
8_152022182_L_08.wav,8,0.21017228311567165,0.018009467,-470.0120849609375,92.25748443603516,-19.19149398803711,19.901744842529297,-8.425265312194824,-7.9333367347717285,-14.71373176574707,-11.24885368347168,-1.5312323570251465,2.4861819744110107,-5.43888521194458,-7.503077507019043,-11.476628303527832
8_152022182_L_09.wav,8,0.20612917108050846,0.025326973,-452.53765869140625,96.32574462890625,-19.51114273071289,15.563525199890137,-9.503157615661621,-6.422778129577637,-14.180070877075195,-11.090683937072754,-1.9824557304382324,2.8755619525909424,-6.832228660583496,-10.032973289489746,-11.283491134643555
8_152022182_L_10.wav,8,0.2195683868838028,0.0140205575,-473.5475769042969,83.1769790649414,-23.017690658569336,20.901968002319336,-9.17345142364502,-5.992335796356201,-12.055845260620117,-8.563241958618164,-3.1710762977600098,1.087300419807434,-7.1994476318359375,-9.615659713745117,-11.478364944458008
8_152022182_L_11.wav,8,0.23989051496478872,0.01391459,-480.9224853515625,74.82836151123047,-24.729896545410156,19.935728073120117,-10.173381805419922,-7.0333027839660645,-13.225619316101074,-8.021317481994629,-3.9353487491607666,2.152855396270752,-4.423020362854004,-7.515262126922607,-7.157325744628906
8_152022182_L_12.wav,8,0.21505006602112675,0.01883122,-471.85546875,82.31593322753906,-15.64859390258789,23.92339515686035,-6.991292953491211,-7.25982666015625,-10.867226600646973,-9.403613090515137,-3.8336267471313477,0.07816040515899658,-9.343524932861328,-8.537467956542969,-8.448972702026367
8_152022182_L_13.wav,8,0.2083066114738806,0.015387992,-473.0684814453125,86.93912506103516,-20.20499038696289,22.824968338012695,-7.868340015411377,-6.1476593017578125,-11.477242469787598,-9.006159782409668,-5.046847343444824,2.5218300819396973,-5.9748640060424805,-6.885170936584473,-10.705192565917969
8_152022182_L_14.wav,8,0.2261812392979452,0.01886996,-468.15240478515625,87.28268432617188,-23.384397506713867,17.797931671142578,-10.988324165344238,-10.314506530761719,-16.99052619934082,-12.359562873840332,-4.72841215133667,1.4408228397369385,-8.042685508728027,-7.4059648513793945,-9.282854080200195
8_152022182_L_15.wav,8,0.21512571522887325,0.017288864,-475.03955078125,83.47823333740234,-20.31024169921875,16.589889526367188,-9.339948654174805,-8.796798706054688,-12.213141441345215,-10.45949649810791,-1.741140365600586,2.7556188106536865,-5.033843517303467,-7.229579925537109,-9.464299201965332
8_152022182_L_16.wav,8,0.22027853260869565,0.019821156,-463.7584228515625,90.18790435791016,-25.033994674682617,18.271963119506836,-7.6341376304626465,-5.4822001457214355,-13.546082496643066,-9.422647476196289,-2.9635818004608154,0.8170903921127319,-8.944585800170898,-9.839612007141113,-10.480788230895996
8_152022182_L_17.wav,8,0.19661207932692307,0.03547248,-447.69207763671875,89.51808166503906,-16.367124557495117,17.975791931152344,-5.480113506317139,-12.196052551269531,-13.641770362854004,-14.702692031860352,0.27704864740371704,3.530719041824341,-3.1526565551757812,-10.606982231140137,-9.99863052368164
8_152022182_L_18.wav,8,0.18892728365384615,0.036695655,-438.8230285644531,97.48988342285156,-15.006172180175781,14.778594970703125,-7.536788463592529,-12.838991165161133,-14.91381549835205,-14.728748321533203,-0.6206213235855103,1.9331693649291992,-6.359676837921143,-9.972743034362793,-8.997574806213379
8_152022182_L_19.wav,8,0.211700869278169,0.025031943,-452.4771728515625,89.85037994384766,-21.4022274017334,18.46664810180664,-8.63233757019043,-10.149346351623535,-12.896286010742188,-11.17352294921875,-1.994625210762024,1.8834744691848755,-8.614240646362305,-10.283568382263184,-11.894588470458984
8_152022182_L_20.wav,8,0.20859121347402598,0.02066259,-461.5783386230469,83.39781188964844,-21.803348541259766,18.438350677490234,-3.4783272743225098,-7.104985237121582,-10.33458137512207,-11.459235191345215,-2.754765272140503,0.5007041096687317,-5.841711044311523,-7.804156303405762,-8.740058898925781
9_152022182_L_01.wav,9,0.23901684253246752,0.012261298,-480.3454895019531,72.29472351074219,-17.008785247802734,15.767365455627441,-6.402183532714844,-3.4308602809906006,-15.734777450561523,-13.623978614807129,-12.973630905151367,-4.100612640380859,-9.953469276428223,-6.923332691192627,-7.262333869934082
9_152022182_L_02.wav,9,0.25655864197530864,0.008482592,-493.5257568359375,65.06647491455078,-19.046125411987305,15.95363712310791,-5.965231418609619,-2.017775058746338,-17.512964248657227,-9.6385498046875,-8.065604209899902,-1.7447121143341064,-10.081304550170898,-5.106329441070557,-6.657384872436523
9_152022182_L_03.wav,9,0.23265056368670886,0.011275277,-493.33587646484375,71.20691680908203,-15.068381309509277,19.705480575561523,-6.369395732879639,-3.93465518951416,-16.74736785888672,-11.200295448303223,-7.8613057136535645,-2.2957682609558105,-8.968096733093262,-5.717772006988525,-5.09203577041626
9_152022182_L_04.wav,9,0.24718445616883117,0.013372646,-484.9819030761719,69.17601776123047,-13.340743064880371,16.000354766845703,-6.5371294021606445,-9.507793426513672,-15.278494834899902,-12.236821174621582,-7.635780334472656,-3.1474809646606445,-7.2830986976623535,-4.261805057525635,-7.171965599060059
9_152022182_L_05.wav,9,0.22992339691558442,0.012039851,-486.7689208984375,76.85716247558594,-15.304268836975098,17.01888084411621,-6.112549781799316,-7.239442348480225,-17.933692932128906,-13.460604667663574,-10.53374195098877,-0.9720848202705383,-6.881586074829102,-4.75880241394043,-6.928079128265381
9_152022182_L_06.wav,9,0.232146786971831,0.010637986,-481.8702697753906,74.29513549804688,-16.709091186523438,26.212167739868164,-4.9896159172058105,-4.4153618812561035,-14.308679580688477,-11.59180736541748,-10.07255744934082,-1.2647416591644287,-11.927878379821777,-6.116848945617676,-13.157092094421387
9_152022182_L_07.wav,9,0.24696523931962025,0.0118561955,-478.86322021484375,65.16948699951172,-15.800479888916016,21.785045623779297,-4.879378318786621,-4.5994954109191895,-11.794942855834961,-8.41358470916748,-10.416051864624023,-0.5169439911842346,-10.012529373168945,-5.148702621459961,-10.466387748718262
9_152022182_L_08.wav,9,0.2082804890422078,0.010861763,-475.4234619140625,71.87100219726562,-24.67583656311035,22.603355407714844,-4.095341205596924,-0.8753321170806885,-15.821794509887695,-7.524539470672607,-8.514811515808105,-1.4425997734069824,-13.799031257629395,-5.571935653686523,-11.756711959838867
9_152022182_L_09.wav,9,0.19218269723360656,0.029071957,-440.4726257324219,81.5458755493164,-10.273826599121094,19.19739532470703,-2.395122528076172,-7.879330158233643,-16.139129638671875,-15.481943130493164,-8.738105773925781,1.7224067449569702,-5.434131145477295,-6.561285018920898,-11.849088668823242
9_152022182_L_10.wav,9,0.19137186399647887,0.02126795,-438.45849609375,74.39879608154297,-27.537633895874023,25.803361892700195,0.11903125792741776,-8.121834754943848,-14.368940353393555,-11.843012809753418,-9.256619453430176,0.4642760455608368,-9.627702713012695,-5.097990036010742,-11.454044342041016
9_152022182_L_11.wav,9,0.20948768028846154,0.01882966,-469.2565612792969,79.70064544677734,-7.627669811248779,23.240652084350586,-3.8851916790008545,-8.46487045288086,-13.824068069458008,-12.77840518951416,-7.059792995452881,-0.6039312481880188,-9.013989448547363,-8.060331344604492,-10.78575325012207
9_152022182_L_12.wav,9,0.1869574652777778,0.039308853,-418.87640380859375,73.40602111816406,-7.860142230987549,21.507312774658203,5.064776420593262,-16.17030906677246,-13.196825981140137,-10.416007041931152,-5.591581344604492,-6.1395978927612305,-8.968615531921387,-4.123332500457764,-10.320557594299316
9_152022182_L_13.wav,9,0.21431902985074627,0.031364955,-423.89849853515625,76.45048522949219,-15.143352508544922,17.785503387451172,-4.16922664642334,-2.733815908432007,-15.28515625,-13.87067699432373,-7.904392719268799,-0.8480713367462158,-10.568479537963867,-10.4384765625,-10.484213829040527
9_152022182_L_14.wav,9,0.20716971781716417,0.020496344,-459.4681701660156,81.87504577636719,-7.716102600097656,20.951906204223633,-1.0185178518295288,-4.825010776519775,-11.698629379272461,-11.845865249633789,-6.114017009735107,-1.8531239032745361,-11.015412330627441,-8.63687801361084,-9.72795581817627
9_152022182_L_15.wav,9,0.19456914645522388,0.03283808,-397.8337097167969,80.34587097167969,-23.989871978759766,33.25700759887695,-10.325562477111816,-5.3442792892456055,-5.222769737243652,-13.568558692932129,-13.771503448486328,-2.0731074810028076,-15.935026168823242,-9.64428997039795,-9.275004386901855
9_152022182_L_16.wav,9,0.22893513424295775,0.030108891,-452.5260925292969,68.29364776611328,-12.99583625793457,25.13534927368164,-3.6102325916290283,-8.48833179473877,-12.185782432556152,-15.931340217590332,-6.0592122077941895,0.813203752040863,-10.739736557006836,-7.225366592407227,-9.366344451904297
9_152022182_L_17.wav,9,0.17474254261363636,0.021571027,-454.98486328125,86.15498352050781,-11.369324684143066,19.332157135009766,-6.215902805328369,-8.012511253356934,-15.496147155761719,-16.95030975341797,-8.592844009399414,-2.094606399536133,-8.193449020385742,-7.497258186340332,-8.319314002990723
9_152022182_L_18.wav,9,0.19407938294491525,0.028107256,-456.28717041015625,82.86346435546875,-3.724609375,17.812759399414062,-2.03110671043396,-8.725523948669434,-13.49079418182373,-15.2715482711792,-8.430898666381836,-1.697225570678711,-9.580519676208496,-11.546703338623047,-10.236995697021484
9_152022182_L_19.wav,9,0.16256214488636364,0.031189213,-450.4354553222656,93.34378814697266,-0.2045300155878067,28.30181121826172,-3.3120625019073486,-8.319622039794922,-12.867461204528809,-15.960770606994629,-8.666352272033691,-5.827686786651611,-10.994427680969238,-9.439324378967285,-11.110413551330566
9_152022182_L_20.wav,9,0.23418978987068967,0.03209461,-447.1075439453125,63.432186126708984,-3.9430935382843018,14.892372131347656,-0.8625869154930115,-10.307558059692383,-9.683455467224121,-12.809195518493652,-7.38951301574707,-3.5971455574035645,-10.774864196777344,-8.811079978942871,-8.360692977905273
